Sample,Género mayoritario,Especie mayoritaria,Subespecie,MLST,Serotype,K/O locus,Posibles contaminantes,Carba adquirida,BLEE adquirida,Otras,Nº genes AMR,AMRscore,VIRscore,Esquema MLST,alelo #1,alelo #2,alelo #3,alelo #4,alelo #5,alelo #6,alelo #7,MLSTs posibles,Alelos posibles
HUMV-001,Enterobacter   (74%),Enterobacter hormaechei  (44%),Enterobacter hormaechei subsp. xiangfangensis,-,-:-,KL53/O3/O3a,-,GES-6,CTX-M-15,"ACT-45, TEM-1D, OXA-1",11,3,0,ecloacae,dnaA(52),fusA(21),gyrB(20),leuS(44),pyrG(-),rplB(4),rpoB(6),{'ST': ['Ningún alelo de este gen coincide con esta combinación']},
HUMV-002,Enterobacter   (72%),Enterobacter roggenkampii  (67%),Enterobacter sp. 5-4,595,-:-,KL10/O3/O3a,-,-,-,MIR-20,4,0,0,ecloacae,dnaA(80),fusA(55),gyrB(92),leuS(72),pyrG(169),rplB(12),rpoB(26),,
HUMV-009,Escherichia   (59%),Escherichia coli  (55%),Escherichia coli VL2732,10,-:H30,KL28/O4,-,-,CTX-M-32,"AmpC1, TEM-1D",9,1,3,ecoli_achtman_4,adk(10),fumC(11),gyrB(4),icd(8),mdh(8),purA(8),recA(2),,
HUMV-020,Escherichia   (81%),Escherichia coli  (72%),Escherichia coli,770,O153:H16,KL156-D1/OL102,Escherichia fergusonii  (6%),-,SHV-12,AmpC1*,7,1,0,ecoli_achtman_4,adk(52),fumC(116),gyrB(55),icd(101),mdh(113),purA(40),recA(38),,
HUMV-026,Escherichia   (72%),Escherichia coli  (70%),Escherichia coli,-,O9/O30:H19,KL5/O3/O3a,-,-,CTX-M-1,"TEM-1D, AmpC1*",11,1,0,ecoli_achtman_4,adk(9),fumC(65),gyrB(5),icd(~788),mdh(9),purA(13),recA(6),{'ST': ['Ningún alelo de este gen coincide con esta combinación']},
HUMV-034,Klebsiella   (53%),Klebsiella oxytoca  (46%),Klebsiella oxytoca OK-1,2,-:-,KL74/OL104,"Enterobacter hormaechei  (7%),Aeromonas caviae  (7%)",GES-6,OXY-2-8*,-,9,3,0,koxytoca,gapA(1),infB(2),mdh(2),pgi(1),phoE(2),rpoB(1),tonB(2),,
HUMV-036,Escherichia   (86%),Escherichia coli  (85%),Escherichia coli,117,O54:H21,KL156-D1/OL102,-,-,CTX-M-9,AmpC1*,8,1,3,ecoli_achtman_4,adk(20),fumC(45),gyrB(41),icd(43),mdh(5),purA(32),recA(2),,
HUMV-154,Enterobacter   (87%),Enterobacter hormaechei  (46%),Enterobacter hormaechei subsp. xiangfangensis,182,-:-,KL53/O3/O3a,"Enterobacter sp. BIDMC100 (8%),Enterobacter cloacae  (4%)",IMP-13,-,"ACT-16, OXA-2, OXA-10",11,3,0,ecloacae,dnaA(49),fusA(20),gyrB(19),leuS(44),pyrG(90),rplB(24),rpoB(32),,
HUMV-171,Enterobacter   (70%),Enterobacter hormaechei  (42%),Enterobacter hormaechei subsp. xiangfangensis,66,-:-,KL53/O3/O3a,-,GES-6,CTX-M-15,"ACT-45, TEM-1D, OXA-1",10,3,0,ecloacae,dnaA(52),fusA(21),gyrB(20),leuS(44),pyrG(45),rplB(4),rpoB(6),,
HUMV-172,Enterobacter   (64%),Enterobacter hormaechei  (41%),Enterobacter hormaechei subsp. xiangfangensis,66,-:-,KL53/O3/O3a,Leclercia adecarboxylata  (4%),GES-6,CTX-M-15,"ACT-45, TEM-1D, OXA-1",10,3,0,ecloacae,dnaA(52),fusA(21),gyrB(20),leuS(44),pyrG(45),rplB(4),rpoB(6),,
HUMV-183,Citrobacter   (75%),Citrobacter freundii  (53%),Citrobacter freundii UCI 31,91,-:-,KL177/O5,Escherichia coli  (11%),-,-,"TEM-1D, CMY-113*",9,0,0,cfreundii,aspC(48),clpX(10),fadD(14),mdh(13),arcA(32),dnaG(6),lysP(11),,
HUMV-184,Escherichia   (81%),Escherichia coli  (80%),Escherichia coli,69,O77/O17/O44/O106:H18,KL156-D1/OL102,-,-,CTX-M-1,"TEM-1D, AmpC1*",13,1,0,ecoli_achtman_4,adk(21),fumC(35),gyrB(27),icd(6),mdh(5),purA(5),recA(4),,
HUMV-188,Citrobacter   (70%),Citrobacter freundii  (48%),Citrobacter freundii UCI 31,91,-:-,KL177/O5,Escherichia coli  (15%),-,-,CMY-113*,10,0,0,cfreundii,aspC(48),clpX(10),fadD(14),mdh(13),arcA(32),dnaG(6),lysP(11),,
HUMV-192,Enterobacter   (93%),Enterobacter hormaechei  (56%),Enterobacter hormaechei subsp. steigerwaltii,536,-:-,KL43/O3/O3a,-,-,-,ACT-15,2,0,0,ecloacae,dnaA(6),fusA(4),gyrB(4),leuS(6),pyrG(37),rplB(4),rpoB(6),,
HUMV-194,Enterobacter   (85%),Enterobacter hormaechei  (25%),Enterobacter hormaechei subsp. steigerwaltii,50,-:-,KL20/O3/O3a,"Enterobacter roggenkampii  (6%),Enterobacter cloacae  (5%)",-,-,ACT-15,2,0,0,ecloacae,dnaA(4),fusA(4),gyrB(4),leuS(6),pyrG(37),rplB(4),rpoB(25),,
HUMV-195,Escherichia   (72%),Escherichia coli  (70%),Escherichia coli,212,O18:H49,KL156-D1/OL102,-,-,SHV-12,AmpC1*,4,1,0,ecoli_achtman_4,adk(6),fumC(29),gyrB(4),icd(18),mdh(11),purA(8),recA(6),,
HUMV-196,Enterobacter   (80%),Enterobacter hormaechei  (38%),Enterobacter hormaechei subsp. xiangfangensis,182,-:-,KL53/O3/O3a,"Enterobacter sp. BIDMC100 (6%),Enterobacter cloacae  (5%)",IMP-13,-,"ACT-16, OXA-2, TEM-1D, TEM-1D.v1",15,3,0,ecloacae,dnaA(49),fusA(20),gyrB(19),leuS(44),pyrG(90),rplB(24),rpoB(32),,
HUMV-199,Enterobacter   (74%),Enterobacter hormaechei  (44%),Enterobacter hormaechei subsp. xiangfangensis,66,-:-,KL53/O3/O3a,-,GES-6,CTX-M-15,"ACT-45, TEM-1D, OXA-1",14,3,0,ecloacae,dnaA(52),fusA(21),gyrB(20),leuS(44),pyrG(45),rplB(4),rpoB(6),,
HUMV-200,Enterobacter   (78%),Enterobacter hormaechei  (50%),Enterobacter hormaechei subsp. xiangfangensis,66,-:-,KL53/O3/O3a,-,GES-6,CTX-M-15,"ACT-45, TEM-1D, OXA-1",10,3,0,ecloacae,dnaA(52),fusA(21),gyrB(20),leuS(44),pyrG(45),rplB(4),rpoB(6),,
HUMV-206,Enterobacter   (67%),Enterobacter hormaechei  (40%),Enterobacter hormaechei subsp. xiangfangensis,66,-:-,KL53/O3/O3a,-,GES-6,CTX-M-15,"ACT-45, TEM-1D, OXA-1",11,3,0,ecloacae,dnaA(52),fusA(21),gyrB(20),leuS(44),pyrG(45),rplB(4),rpoB(6),,
HUMV-207,Enterobacter   (70%),Enterobacter hormaechei  (43%),Enterobacter hormaechei subsp. xiangfangensis,66,-:-,KL53/O3/O3a,-,GES-6,CTX-M-15,"ACT-45, TEM-1D, OXA-1",15,3,0,ecloacae,dnaA(52),fusA(21),gyrB(20),leuS(44),pyrG(45),rplB(4),rpoB(6),,
HUMV-210,Escherichia   (47%),Escherichia coli  (44%),Escherichia coli,1642,O8:H7,KL80/O5,Salmonella sp. SJTUF14154 (10%),-,CTX-M-14,AmpC1*,5,1,3,ecoli_achtman_4,adk(6),fumC(4),gyrB(5),icd(18),mdh(11),purA(8),recA(6),,
HUMV-214,Enterobacter   (69%),Enterobacter hormaechei  (41%),Enterobacter hormaechei subsp. xiangfangensis,66,-:-,KL53/O3/O3a,-,GES-6,CTX-M-15,"ACT-45, TEM-1D, OXA-1",14,3,0,ecloacae,dnaA(52),fusA(21),gyrB(20),leuS(44),pyrG(45),rplB(4),rpoB(6),,
HUMV-216,Klebsiella   (89%),Klebsiella pneumoniae  (72%),Klebsiella pneumoniae,2938,-:-,KL186/O4,Klebsiella oxytoca  (7%),-,CTX-M-15,-,11,1,0,klebsiella,gapA(2),infB(3),mdh(2),pgi(1),phoE(7),rpoB(4),tonB(12),,
HUMV-217,Enterobacter   (82%),Enterobacter asburiae  (47%),Enterobacter asburiae,672,-:-,KL112/O3/O3a,"Enterobacter roggenkampii  (7%),Enterobacter hormaechei  (7%),Enterobacter cloacae  (4%)",-,-,ACT-10*,1,0,0,ecloacae,dnaA(168),fusA(161),gyrB(228),leuS(203),pyrG(167),rplB(11),rpoB(58),,
HUMV-218,Enterobacter   (24%),Klebsiella aerogenes  (63%),Klebsiella aerogenes,242,O9:-,KL68/O3/O3a,Enterobacter hormaechei  (14%),-,-,ACT-43*,3,0,0,kaerogenes,dnaA(6),fusA(8),gyrB(11),leuS(7),pryG(4),rplB(1),rpoB(11),,
HUMV-221,Enterobacter   (78%),Enterobacter hormaechei  (47%),Enterobacter hormaechei subsp. xiangfangensis,66,-:-,KL53/O3/O3a,-,-,CTX-M-15,"ACT-45, TEM-1D, OXA-1",14,1,0,ecloacae,dnaA(52),fusA(21),gyrB(20),leuS(44),pyrG(45),rplB(4),rpoB(6),,
HUMV-225,Enterobacter   (58%),Enterobacter hormaechei  (22%),Enterobacter hormaechei subsp. xiangfangensis,66,-:-,KL53/O3/O3a,-,GES-6,-,ACT-45,7,3,0,ecloacae,dnaA(52),fusA(21),gyrB(20),leuS(44),pyrG(45),rplB(4),rpoB(6),,
HUMV-226,Enterobacter   (75%),Enterobacter hormaechei  (43%),Enterobacter hormaechei subsp. xiangfangensis,66,-:-,KL53/O3/O3a,-,GES-6,CTX-M-15,"ACT-45, TEM-1D, OXA-1",10,3,0,ecloacae,dnaA(52),fusA(21),gyrB(20),leuS(44),pyrG(45),rplB(4),rpoB(6),,
HUMV-227,Klebsiella   (88%),Klebsiella aerogenes  (87%),Klebsiella aerogenes,242,O9:-,KL68/O3/O3a,-,-,-,-,0,0,0,kaerogenes,dnaA(6),fusA(8),gyrB(11),leuS(7),pryG(4),rplB(1),rpoB(11),,
HUMV-233,Escherichia   (63%),Escherichia coli  (60%),Escherichia coli 113302,-,O8:H30,KL156-D1/O5,-,-,CTX-M-65,"OXA-10, TEM-1D, AmpC1*",16,1,0,ecoli_achtman_4,adk(6),fumC(65),gyrB(3),icd(~1),mdh(11),purA(13),recA(6),{'ST': ['Ningún alelo de este gen coincide con esta combinación']},
HUMV-240,Enterobacter   (61%),Enterobacter hormaechei  (35%),Enterobacter hormaechei subsp. xiangfangensis,66,-:-,KL53/O3/O3a,-,GES-6,CTX-M-15,"ACT-45, TEM-1D, OXA-1",14,3,0,ecloacae,dnaA(52),fusA(21),gyrB(20),leuS(44),pyrG(45),rplB(4),rpoB(6),,
HUMV-241,Enterobacter   (82%),Enterobacter hormaechei  (48%),Enterobacter hormaechei subsp. xiangfangensis,66,-:-,KL53/O3/O3a,-,GES-6,CTX-M-15,"ACT-45, TEM-1D, OXA-1",14,3,0,ecloacae,dnaA(52),fusA(21),gyrB(20),leuS(44),pyrG(45),rplB(4),rpoB(6),,
HUMV-242,Enterobacter   (78%),Enterobacter hormaechei  (18%),Enterobacter hormaechei,78,-:-,KL20/O3/O3a,Enterobacter cloacae  (4%),-,-,"ACT-24, LAP-2",4,0,0,ecloacae,dnaA(8),fusA(9),gyrB(6),leuS(9),pyrG(9),rplB(6),rpoB(8),,
HUMV-244,Escherichia   (55%),Escherichia coli  (51%),Escherichia coli 681,10,O89:H17,KL57/O3b,-,-,CTX-M-3,"TEM-1D, AmpC1*",9,1,3,ecoli_achtman_4,adk(10),fumC(11),gyrB(4),icd(8),mdh(8),purA(8),recA(2),,
HUMV-245,Escherichia   (64%),Escherichia coli  (51%),Escherichia coli,4981,-:H9,KL123/O12,Escherichia fergusonii  (9%),-,CTX-M-15,"TEM-1D, AmpC1*",12,1,3,ecoli_achtman_4,adk(10),fumC(616),gyrB(4),icd(8),mdh(8),purA(13),recA(73),,
SCT-HURS-01,Klebsiella   (86%),Klebsiella pneumoniae  (69%),Klebsiella pneumoniae,323,O9:-,KL21/O3b,-,-,CTX-M-15,"TEM-1D, OXA-1",15,1,1,klebsiella,gapA(2),infB(1),mdh(1),pgi(1),phoE(9),rpoB(1),tonB(93),,
SCT-HURS-02,Enterobacter   (69%),Enterobacter roggenkampii  (56%),Enterobacter roggenkampii MGH 54,526,-:-,KL135/O1/O2v3,Enterobacter hormaechei  (6%),-,-,MIR-16,2,0,0,ecloacae,dnaA(37),fusA(27),gyrB(35),leuS(126),pyrG(49),rplB(12),rpoB(26),,
SCT-HURS-03,Enterobacter   (60%),Enterobacter asburiae  (37%),Enterobacter asburiae,-,-:-,KL62/O3/O3a,"Klebsiella pneumoniae  (8%),Kluyvera ascorbata  (9%)",-,-,ACT-13*,3,0,0,ecloacae,dnaA(26),fusA(16),gyrB(25),leuS(53),pyrG(22),rplB(~9),rpoB(15),{'ST': ['Ningún alelo de este gen coincide con esta combinación']},
SCT-HURS-04,Klebsiella   (92%),Klebsiella pneumoniae  (81%),Klebsiella pneumoniae,323,O9:-,KL21/O3b,-,-,CTX-M-15,"TEM-1D, OXA-1",11,1,1,klebsiella,gapA(2),infB(1),mdh(1),pgi(1),phoE(9),rpoB(1),tonB(93),,
SCT-HURS-06,Enterobacter   (81%),Enterobacter asburiae  (69%),Enterobacter asburiae,24,-:-,KL62/O3/O3a,-,IMP-23,-,ACT-1,8,3,0,ecloacae,dnaA(23),fusA(15),gyrB(23),leuS(16),pyrG(28),rplB(11),rpoB(11),,
SCT-HURS-07,Klebsiella   (94%),Klebsiella pneumoniae  (82%),Klebsiella pneumoniae BIDMC 23,469,O9:-,KL139/O3b,-,-,CTX-M-15,-,11,1,0,klebsiella,gapA(2),infB(1),mdh(2),pgi(1),phoE(10),rpoB(1),tonB(4),,
SCT-HURS-08,Klebsiella   (95%),Klebsiella pneumoniae  (85%),Klebsiella pneumoniae BIDMC 23,469,O9:-,KL139/O3b,-,-,CTX-M-15,-,11,1,0,klebsiella,gapA(2),infB(1),mdh(2),pgi(1),phoE(10),rpoB(1),tonB(4),,
SCT-HURS-10,Escherichia   (61%),Escherichia coli  (59%),Escherichia coli,155,O86:H51,KL156-D1/O3/O3a,-,-,CTX-M-1,"TEM-1D, AmpC1*",9,1,3,ecoli_achtman_4,adk(6),fumC(4),gyrB(14),icd(16),mdh(24),purA(8),recA(14),,
SCT-HURS-11,Escherichia   (62%),Escherichia coli  (59%),Escherichia coli 907710,162,O29:H31,KL130/O5,-,-,SHV-12,"TEM-1D, AmpC1*",17,1,3,ecoli_achtman_4,adk(9),fumC(65),gyrB(5),icd(1),mdh(9),purA(13),recA(6),,
SCT-HURS-16,Escherichia   (85%),Escherichia coli  (80%),Escherichia coli,405,O102:H6,KL156-D1/O3b,-,-,CTX-M-14,"TEM-1D, AmpC1*",13,1,0,ecoli_achtman_4,adk(35),fumC(37),gyrB(29),icd(25),mdh(4),purA(5),recA(73),,
SCT-HURS-21,Escherichia   (64%),Escherichia coli  (61%),Escherichia coli,3489,O153:H25,KL156-D1/OL102,Klebsiella pneumoniae  (5%),-,CTX-M-32,"TEM-1D, AmpC1*",22,1,0,ecoli_achtman_4,adk(136),fumC(7),gyrB(4),icd(8),mdh(8),purA(8),recA(2),,
SCT-HURS-29,Escherichia   (67%),Escherichia coli  (64%),Escherichia coli,3489,O153:H25,KL156-D1/OL102,Klebsiella pneumoniae  (5%),-,CTX-M-32,"TEM-1D, AmpC1*",19,1,0,ecoli_achtman_4,adk(136),fumC(7),gyrB(4),icd(8),mdh(8),purA(8),recA(2),,
SCT-HURS-30,Escherichia   (59%),Escherichia coli  (55%),Escherichia coli,1193,O75:H5,KL156-D1/O3b,-,-,CTX-M-27,-,11,1,0,ecoli_achtman_4,adk(14),fumC(14),gyrB(10),icd(200),mdh(17),purA(7),recA(10),,
SCT-HURS-41,Escherichia   (56%),Escherichia coli  (52%),Escherichia coli,1193,O75:H5,KL156-D1/O3b,-,-,CTX-M-27,-,12,1,0,ecoli_achtman_4,adk(14),fumC(14),gyrB(10),icd(200),mdh(17),purA(7),recA(10),,
SCT-HURS-42,Escherichia   (64%),Escherichia coli  (60%),Escherichia coli,1193,O75:H5,KL156-D1/O3b,-,-,CTX-M-27,-,11,1,0,ecoli_achtman_4,adk(14),fumC(14),gyrB(10),icd(200),mdh(17),purA(7),recA(10),,
SCT-HURS-45,Escherichia   (50%),Escherichia coli  (47%),Escherichia coli,1193,O75:H5,KL156-D1/O3b,-,-,CTX-M-27,-,11,1,0,ecoli_achtman_4,adk(14),fumC(14),gyrB(10),icd(200),mdh(17),purA(7),recA(10),,
SCT-HURS-46,Escherichia   (59%),Escherichia coli  (55%),Escherichia coli,1193,O75:H5,KL156-D1/O3b,-,-,CTX-M-27,-,11,1,0,ecoli_achtman_4,adk(14),fumC(14),gyrB(10),icd(200),mdh(17),purA(7),recA(10),,
SCT-HURS-63,Klebsiella   (88%),Klebsiella pneumoniae  (55%),Klebsiella pneumoniae,512,-:-,KL107/O1/O2v2,-,KPC-3,-,TEM-1D,11,3,0,klebsiella,gapA(54),infB(3),mdh(1),pgi(1),phoE(1),rpoB(1),tonB(79),,
SCT-HURS-65,Enterobacter   (65%),Enterobacter hormaechei  (20%),Enterobacter hormaechei subsp. steigerwaltii,177,-:-,KL43/O3/O3a,"Enterobacter cloacae complex (4%),Escherichia coli  (15%)",-,-,ACT-17,7,0,0,ecloacae,dnaA(9),fusA(4),gyrB(14),leuS(61),pyrG(89),rplB(4),rpoB(9),,
SCT-HURS-73,Escherichia   (87%),Escherichia coli  (86%),Escherichia coli,131,O25:H4,KL156-D1/OL102,-,-,-,OXA-1,13,0,0,ecoli_achtman_4,adk(53),fumC(40),gyrB(47),icd(13),mdh(36),purA(28),recA(29),,
SCT-HURS-75,Escherichia   (87%),Escherichia coli  (86%),Escherichia coli,131,O25:H4,KL156-D1/OL102,-,-,-,OXA-1,22,0,0,ecoli_achtman_4,adk(53),fumC(40),gyrB(47),icd(13),mdh(36),purA(28),recA(29),,
SCT-HURS-76,Escherichia   (87%),Escherichia coli  (86%),Escherichia coli,1485,O83:H42,KL177/OL102,-,-,SHV-12,AmpC1*,4,1,0,ecoli_achtman_4,adk(92),fumC(231),gyrB(87),icd(96),mdh(70),purA(58),recA(2),,
SCT-HUSAL-001,Escherichia   (66%),Escherichia coli  (63%),Escherichia coli,1598,O9:H4,KL46/O3/O3a,-,-,CTX-M-15,"TEM-1D, AmpC1*, TEM-190",16,1,0,ecoli_achtman_4,adk(8),fumC(7),gyrB(1),icd(8),mdh(8),purA(13),recA(47),,
SCT-HUSAL-002,Escherichia   (67%),Escherichia coli  (64%),Escherichia coli,1598,O9:H4,KL46/O3/O3a,-,-,CTX-M-15,"TEM-1D, AmpC1*, TEM-190",15,1,0,ecoli_achtman_4,adk(8),fumC(7),gyrB(1),icd(8),mdh(8),purA(13),recA(47),,
SCT-HUSAL-004,Escherichia   (70%),Escherichia coli  (69%),Escherichia coli 2-177-06_S4_C1,117,O119:H4,KL156-D1/OL102,Salmonella enterica  (12%),-,SHV-12,AmpC1*,11,1,3,ecoli_achtman_4,adk(20),fumC(45),gyrB(41),icd(43),mdh(5),purA(32),recA(2),,
SCT-HUSAL-006,Escherichia   (81%),Escherichia coli  (80%),Escherichia coli 2-177-06_S4_C1,117,O119:H4,KL156-D1/OL102,Salmonella enterica  (7%),-,SHV-12,AmpC1*,12,1,3,ecoli_achtman_4,adk(20),fumC(45),gyrB(41),icd(43),mdh(5),purA(32),recA(2),,
SCT-HUSAL-008,Escherichia   (80%),Escherichia coli  (79%),Escherichia coli,117,O54:H21,KL156-D1/OL102,-,-,"SHV-12, CTX-M-9",AmpC1*,13,1,3,ecoli_achtman_4,adk(20),fumC(45),gyrB(41),icd(43),mdh(5),purA(32),recA(2),,
SCT-HUSAL-015,Klebsiella   (95%),Klebsiella pneumoniae  (86%),Klebsiella pneumoniae,307,-:-,KL102/O1/O2v2,-,-,CTX-M-15,"TEM-1D, OXA-1",10,1,1,klebsiella,gapA(4),infB(1),mdh(2),pgi(52),phoE(1),rpoB(1),tonB(7),,
